{"UiPath.Core.Activities.AddAndProcessQueueItem":[{"ActivityType":"UiPath.Core.Activities.AddAndProcessQueueItem","BindingType":"queue","PropertiesMetadata":[{"ContractName":"name","PropertyName":"QueueType"},{"ContractName":"folderPath","PropertyName":"FolderPath"}],"Key":null,"Description":null,"Metadata":null}],"UiPath.Core.Activities.AddQueueItem":[{"ActivityType":"UiPath.Core.Activities.AddQueueItem","BindingType":"queue","PropertiesMetadata":[{"ContractName":"name","PropertyName":"QueueType"},{"ContractName":"folderPath","PropertyName":"FolderPath"}],"Key":null,"Description":null,"Metadata":null}],"UiPath.Core.Activities.AddTransactionItem":[{"ActivityType":"UiPath.Core.Activities.AddTransactionItem","BindingType":"queue","PropertiesMetadata":[{"ContractName":"name","PropertyName":"QueueType"},{"ContractName":"folderPath","PropertyName":"FolderPath"}],"Key":null,"Description":null,"Metadata":null}],"UiPath.Core.Activities.BeginProcess":[{"ActivityType":"UiPath.Core.Activities.BeginProcess","BindingType":"process","PropertiesMetadata":[{"ContractName":"name","PropertyName":"ProcessName"},{"ContractName":"folderPath","PropertyName":"FolderPath"}],"Key":null,"Description":null,"Metadata":null}],"UiPath.Core.Activities.BulkAddQueueItems":[{"ActivityType":"UiPath.Core.Activities.BulkAddQueueItems","BindingType":"queue","PropertiesMetadata":[{"ContractName":"name","PropertyName":"QueueName"},{"ContractName":"folderPath","PropertyName":"FolderPath"}],"Key":null,"Description":null,"Metadata":null}],"UiPath.Core.Activities.DeleteQueueItems":[{"ActivityType":"UiPath.Core.Activities.DeleteQueueItems","BindingType":"queue","PropertiesMetadata":[{"ContractName":"folderPath","PropertyName":"FolderPath"}],"Key":null,"Description":null,"Metadata":null}],"UiPath.Core.Activities.GetJobs":[{"ActivityType":"UiPath.Core.Activities.GetJobs","BindingType":"process","PropertiesMetadata":[{"ContractName":"folderPath","PropertyName":"FolderPath"}],"Key":null,"Description":null,"Metadata":null}],"UiPath.Core.Activities.GetQueueItem":[{"ActivityType":"UiPath.Core.Activities.GetQueueItem","BindingType":"queue","PropertiesMetadata":[{"ContractName":"name","PropertyName":"QueueType"},{"ContractName":"folderPath","PropertyName":"FolderPath"}],"Key":null,"Description":null,"Metadata":null}],"UiPath.Core.Activities.GetQueueItems":[{"ActivityType":"UiPath.Core.Activities.GetQueueItems","BindingType":"queue","PropertiesMetadata":[{"ContractName":"name","PropertyName":"QueueName"},{"ContractName":"folderPath","PropertyName":"FolderPath"}],"Key":null,"Description":null,"Metadata":null}],"UiPath.Core.Activities.GetRobotAsset":[{"ActivityType":"UiPath.Core.Activities.GetRobotAsset","BindingType":"asset","PropertiesMetadata":[{"ContractName":"name","PropertyName":"AssetName"},{"ContractName":"folderPath","PropertyName":"FolderPath"}],"Key":null,"Description":null,"Metadata":null}],"UiPath.Core.Activities.GetRobotCredential":[{"ActivityType":"UiPath.Core.Activities.GetRobotCredential","BindingType":"asset","PropertiesMetadata":[{"ContractName":"name","PropertyName":"AssetName"},{"ContractName":"folderPath","PropertyName":"FolderPath"}],"Key":null,"Description":null,"Metadata":null}],"UiPath.Core.Activities.GetTransactionItem":[{"ActivityType":"UiPath.Core.Activities.GetTransactionItem","BindingType":"queue","PropertiesMetadata":[{"ContractName":"name","PropertyName":"QueueType"},{"ContractName":"folderPath","PropertyName":"FolderPath"}],"Key":null,"Description":null,"Metadata":null}],"UiPath.Core.Activities.InvokeProcess":[{"ActivityType":"UiPath.Core.Activities.InvokeProcess","BindingType":"process","PropertiesMetadata":[{"ContractName":"name","PropertyName":"ProcessName"},{"ContractName":"folderPath","PropertyName":"FolderPath"}],"Key":null,"Description":null,"Metadata":null}],"UiPath.Core.Activities.PostponeTransactionItem":[{"ActivityType":"UiPath.Core.Activities.PostponeTransactionItem","BindingType":"queue","PropertiesMetadata":[{"ContractName":"folderPath","PropertyName":"FolderPath"}],"Key":null,"Description":null,"Metadata":null}],"UiPath.Core.Activities.SetAsset":[{"ActivityType":"UiPath.Core.Activities.SetAsset","BindingType":"asset","PropertiesMetadata":[{"ContractName":"name","PropertyName":"AssetName"},{"ContractName":"folderPath","PropertyName":"FolderPath"}],"Key":null,"Description":null,"Metadata":null}],"UiPath.Core.Activities.SetCredential":[{"ActivityType":"UiPath.Core.Activities.SetCredential","BindingType":"asset","PropertiesMetadata":[{"ContractName":"name","PropertyName":"CredentialName"},{"ContractName":"folderPath","PropertyName":"FolderPath"}],"Key":null,"Description":null,"Metadata":null}],"UiPath.Core.Activities.SetTransactionProgress":[{"ActivityType":"UiPath.Core.Activities.SetTransactionProgress","BindingType":"queue","PropertiesMetadata":[{"ContractName":"folderPath","PropertyName":"FolderPath"}],"Key":null,"Description":null,"Metadata":null}],"UiPath.Core.Activities.SetTransactionStatus":[{"ActivityType":"UiPath.Core.Activities.SetTransactionStatus","BindingType":"queue","PropertiesMetadata":[{"ContractName":"folderPath","PropertyName":"FolderPath"}],"Key":null,"Description":null,"Metadata":null}],"UiPath.Core.Activities.StartJob":[{"ActivityType":"UiPath.Core.Activities.StartJob","BindingType":"process","PropertiesMetadata":[{"ContractName":"name","PropertyName":"ProcessName"},{"ContractName":"folderPath","PropertyName":"FolderPath"}],"Key":null,"Description":null,"Metadata":null}],"UiPath.Core.Activities.StopJob":[{"ActivityType":"UiPath.Core.Activities.StopJob","BindingType":"process","PropertiesMetadata":[{"ContractName":"folderPath","PropertyName":"FolderPath"}],"Key":null,"Description":null,"Metadata":null}],"UiPath.Core.Activities.Storage.DeleteStorageFile":[{"ActivityType":"UiPath.Core.Activities.Storage.DeleteStorageFile","BindingType":"bucket","PropertiesMetadata":[{"ContractName":"name","PropertyName":"StorageBucketName"},{"ContractName":"folderPath","PropertyName":"FolderPath"}],"Key":null,"Description":null,"Metadata":null}],"UiPath.Core.Activities.Storage.DownloadStorageFile":[{"ActivityType":"UiPath.Core.Activities.Storage.DownloadStorageFile","BindingType":"bucket","PropertiesMetadata":[{"ContractName":"name","PropertyName":"StorageBucketName"},{"ContractName":"folderPath","PropertyName":"FolderPath"}],"Key":null,"Description":null,"Metadata":null}],"UiPath.Core.Activities.Storage.ListStorageFiles":[{"ActivityType":"UiPath.Core.Activities.Storage.ListStorageFiles","BindingType":"bucket","PropertiesMetadata":[{"ContractName":"name","PropertyName":"StorageBucketName"},{"ContractName":"folderPath","PropertyName":"FolderPath"}],"Key":null,"Description":null,"Metadata":null}],"UiPath.Core.Activities.Storage.ReadStorageText":[{"ActivityType":"UiPath.Core.Activities.Storage.ReadStorageText","BindingType":"bucket","PropertiesMetadata":[{"ContractName":"name","PropertyName":"StorageBucketName"},{"ContractName":"folderPath","PropertyName":"FolderPath"}],"Key":null,"Description":null,"Metadata":null}],"UiPath.Core.Activities.Storage.UploadStorageFile":[{"ActivityType":"UiPath.Core.Activities.Storage.UploadStorageFile","BindingType":"bucket","PropertiesMetadata":[{"ContractName":"name","PropertyName":"StorageBucketName"},{"ContractName":"folderPath","PropertyName":"FolderPath"}],"Key":null,"Description":null,"Metadata":null}],"UiPath.Core.Activities.Storage.WriteStorageText":[{"ActivityType":"UiPath.Core.Activities.Storage.WriteStorageText","BindingType":"bucket","PropertiesMetadata":[{"ContractName":"name","PropertyName":"StorageBucketName"},{"ContractName":"folderPath","PropertyName":"FolderPath"}],"Key":null,"Description":null,"Metadata":null}],"UiPath.Core.Activities.WaitQueueItem":[{"ActivityType":"UiPath.Core.Activities.WaitQueueItem","BindingType":"queue","PropertiesMetadata":[{"ContractName":"name","PropertyName":"QueueName"},{"ContractName":"folderPath","PropertyName":"FolderPath"}],"Key":null,"Description":null,"Metadata":null}]}