{
  "Packages": [
    {
      "Package": {
        "Id": "UiPath.System.Activities",
        "Version": "21.10.4"
      },
      "Assemblies": [
        "C:\\UiPathPackages\\csvhelper/16.0.0\\lib/net45/CsvHelper.dll",
        "C:\\UiPathPackages\\microsoft.aspnet.signalr.client/2.4.0\\lib/net45/Microsoft.AspNet.SignalR.Client.dll",
        "C:\\UiPathPackages\\microsoft.aspnetcore.connections.abstractions/3.1.6\\lib/netstandard2.0/Microsoft.AspNetCore.Connections.Abstractions.dll",
        "C:\\UiPathPackages\\microsoft.aspnetcore.http.connections.client/3.1.6\\lib/netstandard2.0/Microsoft.AspNetCore.Http.Connections.Client.dll",
        "C:\\UiPathPackages\\microsoft.aspnetcore.http.connections.common/3.1.6\\lib/netstandard2.0/Microsoft.AspNetCore.Http.Connections.Common.dll",
        "C:\\UiPathPackages\\microsoft.aspnetcore.http.features/3.1.6\\lib/netstandard2.0/Microsoft.AspNetCore.Http.Features.dll",
        "C:\\UiPathPackages\\microsoft.aspnetcore.signalr.client/3.1.6\\lib/netstandard2.0/Microsoft.AspNetCore.SignalR.Client.dll",
        "C:\\UiPathPackages\\microsoft.aspnetcore.signalr.client.core/3.1.6\\lib/netstandard2.0/Microsoft.AspNetCore.SignalR.Client.Core.dll",
        "C:\\UiPathPackages\\microsoft.aspnetcore.signalr.common/3.1.6\\lib/netstandard2.0/Microsoft.AspNetCore.SignalR.Common.dll",
        "C:\\UiPathPackages\\microsoft.aspnetcore.signalr.protocols.json/3.1.6\\lib/netstandard2.0/Microsoft.AspNetCore.SignalR.Protocols.Json.dll",
        "C:\\UiPathPackages\\microsoft.bcl.asyncinterfaces/1.1.1\\lib/net461/Microsoft.Bcl.AsyncInterfaces.dll",
        "C:\\UiPathPackages\\microsoft.codeanalysis.common/3.8.0\\lib/netstandard2.0/Microsoft.CodeAnalysis.dll",
        "C:\\UiPathPackages\\microsoft.codeanalysis.csharp/3.8.0\\lib/netstandard2.0/Microsoft.CodeAnalysis.CSharp.dll",
        "C:\\UiPathPackages\\microsoft.codeanalysis.visualbasic/3.8.0\\lib/netstandard2.0/Microsoft.CodeAnalysis.VisualBasic.dll",
        "C:\\UiPathPackages\\microsoft.extensions.configuration/3.1.6\\lib/netstandard2.0/Microsoft.Extensions.Configuration.dll",
        "C:\\UiPathPackages\\microsoft.extensions.configuration.abstractions/3.1.6\\lib/netstandard2.0/Microsoft.Extensions.Configuration.Abstractions.dll",
        "C:\\UiPathPackages\\microsoft.extensions.configuration.binder/3.1.6\\lib/netstandard2.0/Microsoft.Extensions.Configuration.Binder.dll",
        "C:\\UiPathPackages\\microsoft.extensions.dependencyinjection/3.1.6\\lib/net461/Microsoft.Extensions.DependencyInjection.dll",
        "C:\\UiPathPackages\\microsoft.extensions.dependencyinjection.abstractions/3.1.6\\lib/netstandard2.0/Microsoft.Extensions.DependencyInjection.Abstractions.dll",
        "C:\\UiPathPackages\\microsoft.extensions.logging/3.1.6\\lib/netstandard2.0/Microsoft.Extensions.Logging.dll",
        "C:\\UiPathPackages\\microsoft.extensions.logging.abstractions/3.1.6\\lib/netstandard2.0/Microsoft.Extensions.Logging.Abstractions.dll",
        "C:\\UiPathPackages\\microsoft.extensions.options/3.1.6\\lib/netstandard2.0/Microsoft.Extensions.Options.dll",
        "C:\\UiPathPackages\\microsoft.extensions.primitives/3.1.6\\lib/netstandard2.0/Microsoft.Extensions.Primitives.dll",
        "C:\\UiPathPackages\\microsoft.rest.clientruntime/2.3.21\\lib/net461/Microsoft.Rest.ClientRuntime.dll",
        "C:\\UiPathPackages\\newtonsoft.json/11.0.2\\lib/net45/Newtonsoft.Json.dll",
        "C:\\UiPathPackages\\sharpziplib/1.2.0\\lib/net45/ICSharpCode.SharpZipLib.dll",
        "C:\\UiPathPackages\\system.buffers/4.5.1\\lib/net461/System.Buffers.dll",
        "C:\\UiPathPackages\\system.collections.immutable/5.0.0\\lib/net461/System.Collections.Immutable.dll",
        "C:\\UiPathPackages\\system.componentmodel.annotations/4.7.0\\lib/net461/System.ComponentModel.Annotations.dll",
        "C:\\UiPathPackages\\system.io.abstractions/3.0.10\\lib/net40/System.IO.Abstractions.dll",
        "C:\\UiPathPackages\\system.io.pipelines/4.7.1\\lib/netstandard2.0/System.IO.Pipelines.dll",
        "C:\\UiPathPackages\\system.management.automation/6.1.7601.17515\\lib/net45/System.Management.Automation.dll",
        "C:\\UiPathPackages\\system.memory/4.5.4\\lib/net461/System.Memory.dll",
        "C:\\UiPathPackages\\system.numerics.vectors/4.5.0\\lib/net46/System.Numerics.Vectors.dll",
        "C:\\UiPathPackages\\system.reflection.metadata/5.0.0\\lib/net461/System.Reflection.Metadata.dll",
        "C:\\UiPathPackages\\system.runtime.compilerservices.unsafe/4.7.1\\lib/net461/System.Runtime.CompilerServices.Unsafe.dll",
        "C:\\UiPathPackages\\system.text.encoding.codepages/4.5.1\\runtimes/win/lib/net461/System.Text.Encoding.CodePages.dll",
        "C:\\UiPathPackages\\system.text.encodings.web/4.7.1\\lib/net461/System.Text.Encodings.Web.dll",
        "C:\\UiPathPackages\\system.text.json/4.7.2\\lib/net461/System.Text.Json.dll",
        "C:\\UiPathPackages\\system.threading.channels/4.7.1\\lib/net461/System.Threading.Channels.dll",
        "C:\\UiPathPackages\\system.threading.tasks.dataflow/5.0.0\\lib/net461/System.Threading.Tasks.Dataflow.dll",
        "C:\\UiPathPackages\\system.threading.tasks.extensions/4.5.4\\lib/net461/System.Threading.Tasks.Extensions.dll",
        "C:\\UiPathPackages\\system.valuetuple/4.5.0\\lib/net461/System.ValueTuple.dll",
        "C:\\UiPathPackages\\uipath.platform/21.10.0\\lib/net461/UiPath.Platform.dll",
        "C:\\UiPathPackages\\uipath.system.activities/21.10.4\\lib/net461/UiPath.OrchestratorClient.dll",
        "C:\\UiPathPackages\\uipath.system.activities/21.10.4\\lib/net461/UiPath.System.Activities.Design.dll",
        "C:\\UiPathPackages\\uipath.system.activities/21.10.4\\lib/net461/UiPath.System.Activities.dll",
        "C:\\UiPathPackages\\uipath.telemetry.client/1.5.3\\lib/net461/TelemetryClient.dll"
      ],
      "Path": "C:\\UiPathPackages\\uipath.system.activities\\21.10.4"
    },
    {
      "Package": {
        "Id": "UiPath.UIAutomation.Activities",
        "Version": "21.10.5"
      },
      "Assemblies": [
        "C:\\UiPathPackages\\newtonsoft.json/11.0.2\\lib/net45/Newtonsoft.Json.dll",
        "C:\\UiPathPackages\\system.io.abstractions/3.0.10\\lib/net40/System.IO.Abstractions.dll",
        "C:\\UiPathPackages\\system.threading.tasks.dataflow/5.0.0\\lib/net461/System.Threading.Tasks.Dataflow.dll",
        "C:\\UiPathPackages\\system.valuetuple/4.5.0\\lib/net461/System.ValueTuple.dll",
        "C:\\UiPathPackages\\uipath/21.10.34.30369\\lib/net45/UiPath.Interop.dll",
        "C:\\UiPathPackages\\uipath.activities.runtimegovernance/1.1.3\\lib/net461/UiPath.Activities.RuntimeGovernance.dll",
        "C:\\UiPathPackages\\uipath.imageprocessing/21.10.2\\lib/net461/UiPath.ImageProcessingInterop.dll",
        "C:\\UiPathPackages\\uipath.ocr.activities/3.3.2\\lib/net461/UiPath.OCR.Activities.Design.dll",
        "C:\\UiPathPackages\\uipath.ocr.activities/3.3.2\\lib/net461/UiPath.OCR.Activities.dll",
        "C:\\UiPathPackages\\uipath.ocr.activities/3.3.2\\lib/net461/UiPath.OCR.Core.dll",
        "C:\\UiPathPackages\\uipath.ocr.contracts/2.9.1\\lib/net461/UiPath.OCR.Contracts.dll",
        "C:\\UiPathPackages\\uipath.platform/21.10.0\\lib/net461/UiPath.Platform.dll",
        "C:\\UiPathPackages\\uipath.telemetry.client/1.5.3\\lib/net461/TelemetryClient.dll",
        "C:\\UiPathPackages\\uipath.uiautomation.activities/21.10.5\\lib/net461/UiPath.CV.Activities.Design.dll",
        "C:\\UiPathPackages\\uipath.uiautomation.activities/21.10.5\\lib/net461/UiPath.CV.Activities.dll",
        "C:\\UiPathPackages\\uipath.uiautomation.activities/21.10.5\\lib/net461/UiPath.CV.dll",
        "C:\\UiPathPackages\\uipath.uiautomation.activities/21.10.5\\lib/net461/UiPath.UIAutomation.Activities.Design.dll",
        "C:\\UiPathPackages\\uipath.uiautomation.activities/21.10.5\\lib/net461/UiPath.UIAutomationCore.dll",
        "C:\\UiPathPackages\\uipath.uiautomation.activities/21.10.5\\lib/net461/UiPath.UIAutomationNext.Activities.Design.dll",
        "C:\\UiPathPackages\\uipath.uiautomation.activities/21.10.5\\lib/net461/UiPath.UIAutomationNext.Activities.dll",
        "C:\\UiPathPackages\\uipath.uiautomation.activities/21.10.5\\lib/net461/UiPath.UIAutomationNext.dll",
        "C:\\UiPathPackages\\uipath.uiautomation.activities/21.10.5\\lib/net461/UiPath.UiAutomation.Activities.dll",
        "C:\\UiPathPackages\\uipath.uiautomation.activities/21.10.5\\lib/net461/UiPath.Wizards.dll",
        "C:\\UiPathPackages\\uipath.vision/3.1.4\\lib/net461/UiPath.Vision.AzureComputerVision.dll",
        "C:\\UiPathPackages\\uipath.vision/3.1.4\\lib/net461/UiPath.Vision.Core.dll",
        "C:\\UiPathPackages\\uipath.vision/3.1.4\\lib/net461/UiPath.Vision.GoogleCloud.dll",
        "C:\\UiPathPackages\\uipath.vision/3.1.4\\lib/net461/UiPath.Vision.Microsoft.dll",
        "C:\\UiPathPackages\\uipath.vision/3.1.4\\lib/net461/UiPath.Vision.Tesseract.dll",
        "C:\\UiPathPackages\\uipath.vision/3.1.4\\lib/net461/UiPath.Vision.dll"
      ],
      "Path": "C:\\UiPathPackages\\uipath.uiautomation.activities\\21.10.5"
    }
  ],
  "Conflicts": [],
  "ResolvedDependencies": {
    "CsvHelper": {
      "Id": "CsvHelper",
      "Version": "16.0.0",
      "Dependencies": [
        {
          "Item1": "Microsoft.CSharp",
          "Item2": "[4.5.0, )"
        },
        {
          "Item1": "System.ValueTuple",
          "Item2": "[4.4.0, )"
        }
      ]
    },
    "Microsoft.AspNet.SignalR.Client": {
      "Id": "Microsoft.AspNet.SignalR.Client",
      "Version": "2.4.0",
      "Dependencies": [
        {
          "Item1": "Newtonsoft.Json",
          "Item2": "[6.0.4, )"
        }
      ]
    },
    "Microsoft.AspNetCore.Connections.Abstractions": {
      "Id": "Microsoft.AspNetCore.Connections.Abstractions",
      "Version": "3.1.6",
      "Dependencies": [
        {
          "Item1": "Microsoft.AspNetCore.Http.Features",
          "Item2": "[3.1.6, )"
        },
        {
          "Item1": "Microsoft.Bcl.AsyncInterfaces",
          "Item2": "[1.1.1, )"
        },
        {
          "Item1": "System.IO.Pipelines",
          "Item2": "[4.7.1, )"
        }
      ]
    },
    "Microsoft.AspNetCore.Http.Connections.Client": {
      "Id": "Microsoft.AspNetCore.Http.Connections.Client",
      "Version": "3.1.6",
      "Dependencies": [
        {
          "Item1": "Microsoft.AspNetCore.Http.Connections.Common",
          "Item2": "[3.1.6, )"
        },
        {
          "Item1": "Microsoft.Extensions.Logging.Abstractions",
          "Item2": "[3.1.6, )"
        },
        {
          "Item1": "Microsoft.Extensions.Options",
          "Item2": "[3.1.6, )"
        }
      ]
    },
    "Microsoft.AspNetCore.Http.Connections.Common": {
      "Id": "Microsoft.AspNetCore.Http.Connections.Common",
      "Version": "3.1.6",
      "Dependencies": [
        {
          "Item1": "Microsoft.AspNetCore.Connections.Abstractions",
          "Item2": "[3.1.6, )"
        },
        {
          "Item1": "System.Text.Json",
          "Item2": "[4.7.2, )"
        }
      ]
    },
    "Microsoft.AspNetCore.Http.Features": {
      "Id": "Microsoft.AspNetCore.Http.Features",
      "Version": "3.1.6",
      "Dependencies": [
        {
          "Item1": "Microsoft.Extensions.Primitives",
          "Item2": "[3.1.6, )"
        },
        {
          "Item1": "System.IO.Pipelines",
          "Item2": "[4.7.1, )"
        }
      ]
    },
    "Microsoft.AspNetCore.SignalR.Client": {
      "Id": "Microsoft.AspNetCore.SignalR.Client",
      "Version": "3.1.6",
      "Dependencies": [
        {
          "Item1": "Microsoft.AspNetCore.SignalR.Client.Core",
          "Item2": "[3.1.6, )"
        },
        {
          "Item1": "Microsoft.AspNetCore.Http.Connections.Client",
          "Item2": "[3.1.6, )"
        }
      ]
    },
    "Microsoft.AspNetCore.SignalR.Client.Core": {
      "Id": "Microsoft.AspNetCore.SignalR.Client.Core",
      "Version": "3.1.6",
      "Dependencies": [
        {
          "Item1": "Microsoft.AspNetCore.SignalR.Protocols.Json",
          "Item2": "[3.1.6, )"
        },
        {
          "Item1": "Microsoft.AspNetCore.SignalR.Common",
          "Item2": "[3.1.6, )"
        },
        {
          "Item1": "Microsoft.Bcl.AsyncInterfaces",
          "Item2": "[1.1.1, )"
        },
        {
          "Item1": "Microsoft.Extensions.DependencyInjection",
          "Item2": "[3.1.6, )"
        },
        {
          "Item1": "Microsoft.Extensions.Logging",
          "Item2": "[3.1.6, )"
        },
        {
          "Item1": "System.Threading.Channels",
          "Item2": "[4.7.1, )"
        }
      ]
    },
    "Microsoft.AspNetCore.SignalR.Common": {
      "Id": "Microsoft.AspNetCore.SignalR.Common",
      "Version": "3.1.6",
      "Dependencies": [
        {
          "Item1": "Microsoft.AspNetCore.Connections.Abstractions",
          "Item2": "[3.1.6, )"
        },
        {
          "Item1": "Microsoft.Extensions.Options",
          "Item2": "[3.1.6, )"
        },
        {
          "Item1": "System.Text.Json",
          "Item2": "[4.7.2, )"
        }
      ]
    },
    "Microsoft.AspNetCore.SignalR.Protocols.Json": {
      "Id": "Microsoft.AspNetCore.SignalR.Protocols.Json",
      "Version": "3.1.6",
      "Dependencies": [
        {
          "Item1": "Microsoft.AspNetCore.SignalR.Common",
          "Item2": "[3.1.6, )"
        }
      ]
    },
    "Microsoft.Bcl.AsyncInterfaces": {
      "Id": "Microsoft.Bcl.AsyncInterfaces",
      "Version": "1.1.1",
      "Dependencies": [
        {
          "Item1": "System.Threading.Tasks.Extensions",
          "Item2": "[4.5.4, )"
        }
      ]
    },
    "Microsoft.CodeAnalysis.Analyzers": {
      "Id": "Microsoft.CodeAnalysis.Analyzers",
      "Version": "3.0.0",
      "Dependencies": []
    },
    "Microsoft.CodeAnalysis.Common": {
      "Id": "Microsoft.CodeAnalysis.Common",
      "Version": "3.8.0",
      "Dependencies": [
        {
          "Item1": "Microsoft.CodeAnalysis.Analyzers",
          "Item2": "[3.0.0, )"
        },
        {
          "Item1": "System.Collections.Immutable",
          "Item2": "[5.0.0, )"
        },
        {
          "Item1": "System.Memory",
          "Item2": "[4.5.4, )"
        },
        {
          "Item1": "System.Reflection.Metadata",
          "Item2": "[5.0.0, )"
        },
        {
          "Item1": "System.Runtime.CompilerServices.Unsafe",
          "Item2": "[4.7.1, )"
        },
        {
          "Item1": "System.Text.Encoding.CodePages",
          "Item2": "[4.5.1, )"
        },
        {
          "Item1": "System.Threading.Tasks.Extensions",
          "Item2": "[4.5.4, )"
        }
      ]
    },
    "Microsoft.CodeAnalysis.CSharp": {
      "Id": "Microsoft.CodeAnalysis.CSharp",
      "Version": "3.8.0",
      "Dependencies": [
        {
          "Item1": "Microsoft.CodeAnalysis.Common",
          "Item2": "[3.8.0, 3.8.0]"
        }
      ]
    },
    "Microsoft.CodeAnalysis.VisualBasic": {
      "Id": "Microsoft.CodeAnalysis.VisualBasic",
      "Version": "3.8.0",
      "Dependencies": [
        {
          "Item1": "Microsoft.CodeAnalysis.Common",
          "Item2": "[3.8.0, 3.8.0]"
        }
      ]
    },
    "Microsoft.CSharp": {
      "Id": "Microsoft.CSharp",
      "Version": "4.7.0",
      "Dependencies": []
    },
    "Microsoft.Extensions.Configuration": {
      "Id": "Microsoft.Extensions.Configuration",
      "Version": "3.1.6",
      "Dependencies": [
        {
          "Item1": "Microsoft.Extensions.Configuration.Abstractions",
          "Item2": "[3.1.6, )"
        }
      ]
    },
    "Microsoft.Extensions.Configuration.Abstractions": {
      "Id": "Microsoft.Extensions.Configuration.Abstractions",
      "Version": "3.1.6",
      "Dependencies": [
        {
          "Item1": "Microsoft.Extensions.Primitives",
          "Item2": "[3.1.6, )"
        }
      ]
    },
    "Microsoft.Extensions.Configuration.Binder": {
      "Id": "Microsoft.Extensions.Configuration.Binder",
      "Version": "3.1.6",
      "Dependencies": [
        {
          "Item1": "Microsoft.Extensions.Configuration",
          "Item2": "[3.1.6, )"
        }
      ]
    },
    "Microsoft.Extensions.DependencyInjection": {
      "Id": "Microsoft.Extensions.DependencyInjection",
      "Version": "3.1.6",
      "Dependencies": [
        {
          "Item1": "Microsoft.Extensions.DependencyInjection.Abstractions",
          "Item2": "[3.1.6, )"
        },
        {
          "Item1": "Microsoft.Bcl.AsyncInterfaces",
          "Item2": "[1.1.1, )"
        }
      ]
    },
    "Microsoft.Extensions.DependencyInjection.Abstractions": {
      "Id": "Microsoft.Extensions.DependencyInjection.Abstractions",
      "Version": "3.1.6",
      "Dependencies": []
    },
    "Microsoft.Extensions.Logging": {
      "Id": "Microsoft.Extensions.Logging",
      "Version": "3.1.6",
      "Dependencies": [
        {
          "Item1": "Microsoft.Extensions.Configuration.Binder",
          "Item2": "[3.1.6, )"
        },
        {
          "Item1": "Microsoft.Extensions.DependencyInjection",
          "Item2": "[3.1.6, )"
        },
        {
          "Item1": "Microsoft.Extensions.Logging.Abstractions",
          "Item2": "[3.1.6, )"
        },
        {
          "Item1": "Microsoft.Extensions.Options",
          "Item2": "[3.1.6, )"
        }
      ]
    },
    "Microsoft.Extensions.Logging.Abstractions": {
      "Id": "Microsoft.Extensions.Logging.Abstractions",
      "Version": "3.1.6",
      "Dependencies": []
    },
    "Microsoft.Extensions.Options": {
      "Id": "Microsoft.Extensions.Options",
      "Version": "3.1.6",
      "Dependencies": [
        {
          "Item1": "Microsoft.Extensions.DependencyInjection.Abstractions",
          "Item2": "[3.1.6, )"
        },
        {
          "Item1": "Microsoft.Extensions.Primitives",
          "Item2": "[3.1.6, )"
        },
        {
          "Item1": "System.ComponentModel.Annotations",
          "Item2": "[4.7.0, )"
        }
      ]
    },
    "Microsoft.Extensions.Primitives": {
      "Id": "Microsoft.Extensions.Primitives",
      "Version": "3.1.6",
      "Dependencies": [
        {
          "Item1": "System.Memory",
          "Item2": "[4.5.2, )"
        },
        {
          "Item1": "System.Runtime.CompilerServices.Unsafe",
          "Item2": "[4.7.1, )"
        }
      ]
    },
    "Microsoft.Rest.ClientRuntime": {
      "Id": "Microsoft.Rest.ClientRuntime",
      "Version": "2.3.21",
      "Dependencies": [
        {
          "Item1": "Newtonsoft.Json",
          "Item2": "[10.0.3, )"
        }
      ]
    },
    "Microsoft.VisualBasic": {
      "Id": "Microsoft.VisualBasic",
      "Version": "10.3.0",
      "Dependencies": []
    },
    "Newtonsoft.Json": {
      "Id": "Newtonsoft.Json",
      "Version": "11.0.2",
      "Dependencies": []
    },
    "SharpZipLib": {
      "Id": "SharpZipLib",
      "Version": "1.2.0",
      "Dependencies": []
    },
    "System.Buffers": {
      "Id": "System.Buffers",
      "Version": "4.5.1",
      "Dependencies": []
    },
    "System.Collections.Immutable": {
      "Id": "System.Collections.Immutable",
      "Version": "5.0.0",
      "Dependencies": [
        {
          "Item1": "System.Memory",
          "Item2": "[4.5.4, )"
        }
      ]
    },
    "System.ComponentModel.Annotations": {
      "Id": "System.ComponentModel.Annotations",
      "Version": "4.7.0",
      "Dependencies": []
    },
    "System.IO.Abstractions": {
      "Id": "System.IO.Abstractions",
      "Version": "3.0.10",
      "Dependencies": []
    },
    "System.IO.Pipelines": {
      "Id": "System.IO.Pipelines",
      "Version": "4.7.1",
      "Dependencies": [
        {
          "Item1": "System.Buffers",
          "Item2": "[4.5.0, )"
        },
        {
          "Item1": "System.Memory",
          "Item2": "[4.5.3, )"
        },
        {
          "Item1": "System.Threading.Tasks.Extensions",
          "Item2": "[4.5.2, )"
        }
      ]
    },
    "System.Management.Automation": {
      "Id": "System.Management.Automation",
      "Version": "6.1.7601.17515",
      "Dependencies": []
    },
    "System.Memory": {
      "Id": "System.Memory",
      "Version": "4.5.4",
      "Dependencies": [
        {
          "Item1": "System.Buffers",
          "Item2": "[4.5.1, )"
        },
        {
          "Item1": "System.Numerics.Vectors",
          "Item2": "[4.5.0, )"
        },
        {
          "Item1": "System.Runtime.CompilerServices.Unsafe",
          "Item2": "[4.5.3, )"
        }
      ]
    },
    "System.Numerics.Vectors": {
      "Id": "System.Numerics.Vectors",
      "Version": "4.5.0",
      "Dependencies": []
    },
    "System.Reflection.Metadata": {
      "Id": "System.Reflection.Metadata",
      "Version": "5.0.0",
      "Dependencies": [
        {
          "Item1": "System.Collections.Immutable",
          "Item2": "[5.0.0, )"
        }
      ]
    },
    "System.Runtime.CompilerServices.Unsafe": {
      "Id": "System.Runtime.CompilerServices.Unsafe",
      "Version": "4.7.1",
      "Dependencies": []
    },
    "System.Text.Encoding.CodePages": {
      "Id": "System.Text.Encoding.CodePages",
      "Version": "4.5.1",
      "Dependencies": [
        {
          "Item1": "System.Runtime.CompilerServices.Unsafe",
          "Item2": "[4.5.2, )"
        }
      ]
    },
    "System.Text.Encodings.Web": {
      "Id": "System.Text.Encodings.Web",
      "Version": "4.7.1",
      "Dependencies": [
        {
          "Item1": "System.Memory",
          "Item2": "[4.5.4, )"
        }
      ]
    },
    "System.Text.Json": {
      "Id": "System.Text.Json",
      "Version": "4.7.2",
      "Dependencies": [
        {
          "Item1": "Microsoft.Bcl.AsyncInterfaces",
          "Item2": "[1.1.0, )"
        },
        {
          "Item1": "System.Buffers",
          "Item2": "[4.5.1, )"
        },
        {
          "Item1": "System.Memory",
          "Item2": "[4.5.4, )"
        },
        {
          "Item1": "System.Numerics.Vectors",
          "Item2": "[4.5.0, )"
        },
        {
          "Item1": "System.Runtime.CompilerServices.Unsafe",
          "Item2": "[4.7.1, )"
        },
        {
          "Item1": "System.Text.Encodings.Web",
          "Item2": "[4.7.1, )"
        },
        {
          "Item1": "System.Threading.Tasks.Extensions",
          "Item2": "[4.5.4, )"
        },
        {
          "Item1": "System.ValueTuple",
          "Item2": "[4.5.0, )"
        }
      ]
    },
    "System.Threading.Channels": {
      "Id": "System.Threading.Channels",
      "Version": "4.7.1",
      "Dependencies": [
        {
          "Item1": "System.Threading.Tasks.Extensions",
          "Item2": "[4.5.4, )"
        }
      ]
    },
    "System.Threading.Tasks.Dataflow": {
      "Id": "System.Threading.Tasks.Dataflow",
      "Version": "5.0.0",
      "Dependencies": []
    },
    "System.Threading.Tasks.Extensions": {
      "Id": "System.Threading.Tasks.Extensions",
      "Version": "4.5.4",
      "Dependencies": [
        {
          "Item1": "System.Runtime.CompilerServices.Unsafe",
          "Item2": "[4.5.3, )"
        }
      ]
    },
    "System.ValueTuple": {
      "Id": "System.ValueTuple",
      "Version": "4.5.0",
      "Dependencies": []
    },
    "UiPath": {
      "Id": "UiPath",
      "Version": "21.10.34.30369",
      "Dependencies": []
    },
    "UiPath.Activities.RuntimeGovernance": {
      "Id": "UiPath.Activities.RuntimeGovernance",
      "Version": "1.1.3",
      "Dependencies": [
        {
          "Item1": "Newtonsoft.Json",
          "Item2": "[11.0.2, )"
        }
      ]
    },
    "UiPath.ImageProcessing": {
      "Id": "UiPath.ImageProcessing",
      "Version": "21.10.2",
      "Dependencies": []
    },
    "UiPath.OCR.Activities": {
      "Id": "UiPath.OCR.Activities",
      "Version": "3.3.2",
      "Dependencies": [
        {
          "Item1": "UiPath.OCR.Contracts",
          "Item2": "[2.9.1, )"
        }
      ]
    },
    "UiPath.OCR.Contracts": {
      "Id": "UiPath.OCR.Contracts",
      "Version": "2.9.1",
      "Dependencies": []
    },
    "UiPath.Platform": {
      "Id": "UiPath.Platform",
      "Version": "21.10.0",
      "Dependencies": [
        {
          "Item1": "Newtonsoft.Json",
          "Item2": "[11.0.2, )"
        },
        {
          "Item1": "System.IO.Abstractions",
          "Item2": "[3.0.10, )"
        },
        {
          "Item1": "System.ValueTuple",
          "Item2": "[4.5.0, )"
        }
      ]
    },
    "UiPath.System.Activities": {
      "Id": "UiPath.System.Activities",
      "Version": "21.10.4",
      "Dependencies": [
        {
          "Item1": "CsvHelper",
          "Item2": "[16.0.0, )"
        },
        {
          "Item1": "Microsoft.AspNet.SignalR.Client",
          "Item2": "[2.4.0, )"
        },
        {
          "Item1": "Microsoft.AspNetCore.SignalR.Client",
          "Item2": "[3.1.6, )"
        },
        {
          "Item1": "Microsoft.CSharp",
          "Item2": "[4.7.0, )"
        },
        {
          "Item1": "Microsoft.CodeAnalysis.CSharp",
          "Item2": "[3.8.0, )"
        },
        {
          "Item1": "Microsoft.CodeAnalysis.Common",
          "Item2": "[3.8.0, )"
        },
        {
          "Item1": "Microsoft.CodeAnalysis.VisualBasic",
          "Item2": "[3.8.0, )"
        },
        {
          "Item1": "Microsoft.Rest.ClientRuntime",
          "Item2": "[2.3.21, )"
        },
        {
          "Item1": "Microsoft.VisualBasic",
          "Item2": "[10.3.0, )"
        },
        {
          "Item1": "Newtonsoft.Json",
          "Item2": "[11.0.2, )"
        },
        {
          "Item1": "SharpZipLib",
          "Item2": "[1.2.0, )"
        },
        {
          "Item1": "System.Management.Automation",
          "Item2": "[6.1.7601.17515, )"
        },
        {
          "Item1": "UiPath.Platform",
          "Item2": "[21.10.0, )"
        },
        {
          "Item1": "UiPath.Telemetry.Client",
          "Item2": "[1.5.3, )"
        }
      ]
    },
    "UiPath.Telemetry.Client": {
      "Id": "UiPath.Telemetry.Client",
      "Version": "1.5.3",
      "Dependencies": [
        {
          "Item1": "Newtonsoft.Json",
          "Item2": "[11.0.2, )"
        },
        {
          "Item1": "System.Threading.Tasks.Dataflow",
          "Item2": "[5.0.0, )"
        },
        {
          "Item1": "System.ValueTuple",
          "Item2": "[4.5.0, )"
        }
      ]
    },
    "UiPath.UIAutomation.Activities": {
      "Id": "UiPath.UIAutomation.Activities",
      "Version": "21.10.5",
      "Dependencies": [
        {
          "Item1": "UiPath",
          "Item2": "[21.10.34.30369, 21.10.34.30369]"
        },
        {
          "Item1": "UiPath.Vision",
          "Item2": "[3.1.4, )"
        },
        {
          "Item1": "UiPath.OCR.Contracts",
          "Item2": "[2.9.1, )"
        },
        {
          "Item1": "UiPath.OCR.Activities",
          "Item2": "[3.3.2, )"
        },
        {
          "Item1": "UiPath.Platform",
          "Item2": "[21.10.0, )"
        },
        {
          "Item1": "Newtonsoft.Json",
          "Item2": "[11.0.2, )"
        },
        {
          "Item1": "System.IO.Abstractions",
          "Item2": "[3.0.10, )"
        },
        {
          "Item1": "UiPath.ImageProcessing",
          "Item2": "[21.10.2, )"
        },
        {
          "Item1": "UiPath.Telemetry.Client",
          "Item2": "[1.5.3, )"
        },
        {
          "Item1": "UiPath.Activities.RuntimeGovernance",
          "Item2": "[1.1.3, )"
        }
      ]
    },
    "UiPath.Vision": {
      "Id": "UiPath.Vision",
      "Version": "3.1.4",
      "Dependencies": [
        {
          "Item1": "UiPath.OCR.Contracts",
          "Item2": "[2.9.1, )"
        }
      ]
    }
  },
  "AllPackages": [
    {
      "Package": {
        "Id": "CsvHelper",
        "Version": "16.0.0"
      },
      "Assemblies": [
        "C:\\UiPathPackages\\csvhelper\\16.0.0\\lib\\net45\\CsvHelper.dll"
      ],
      "Path": "C:\\UiPathPackages\\csvhelper\\16.0.0"
    },
    {
      "Package": {
        "Id": "Microsoft.AspNet.SignalR.Client",
        "Version": "2.4.0"
      },
      "Assemblies": [
        "C:\\UiPathPackages\\microsoft.aspnet.signalr.client\\2.4.0\\lib\\net45\\Microsoft.AspNet.SignalR.Client.dll"
      ],
      "Path": "C:\\UiPathPackages\\microsoft.aspnet.signalr.client\\2.4.0"
    },
    {
      "Package": {
        "Id": "Microsoft.AspNetCore.Connections.Abstractions",
        "Version": "3.1.6"
      },
      "Assemblies": [
        "C:\\UiPathPackages\\microsoft.aspnetcore.connections.abstractions\\3.1.6\\lib\\netstandard2.0\\Microsoft.AspNetCore.Connections.Abstractions.dll"
      ],
      "Path": "C:\\UiPathPackages\\microsoft.aspnetcore.connections.abstractions\\3.1.6"
    },
    {
      "Package": {
        "Id": "Microsoft.AspNetCore.Http.Connections.Client",
        "Version": "3.1.6"
      },
      "Assemblies": [
        "C:\\UiPathPackages\\microsoft.aspnetcore.http.connections.client\\3.1.6\\lib\\netstandard2.0\\Microsoft.AspNetCore.Http.Connections.Client.dll"
      ],
      "Path": "C:\\UiPathPackages\\microsoft.aspnetcore.http.connections.client\\3.1.6"
    },
    {
      "Package": {
        "Id": "Microsoft.AspNetCore.Http.Connections.Common",
        "Version": "3.1.6"
      },
      "Assemblies": [
        "C:\\UiPathPackages\\microsoft.aspnetcore.http.connections.common\\3.1.6\\lib\\netstandard2.0\\Microsoft.AspNetCore.Http.Connections.Common.dll"
      ],
      "Path": "C:\\UiPathPackages\\microsoft.aspnetcore.http.connections.common\\3.1.6"
    },
    {
      "Package": {
        "Id": "Microsoft.AspNetCore.Http.Features",
        "Version": "3.1.6"
      },
      "Assemblies": [
        "C:\\UiPathPackages\\microsoft.aspnetcore.http.features\\3.1.6\\lib\\netstandard2.0\\Microsoft.AspNetCore.Http.Features.dll"
      ],
      "Path": "C:\\UiPathPackages\\microsoft.aspnetcore.http.features\\3.1.6"
    },
    {
      "Package": {
        "Id": "Microsoft.AspNetCore.SignalR.Client",
        "Version": "3.1.6"
      },
      "Assemblies": [
        "C:\\UiPathPackages\\microsoft.aspnetcore.signalr.client\\3.1.6\\lib\\netstandard2.0\\Microsoft.AspNetCore.SignalR.Client.dll"
      ],
      "Path": "C:\\UiPathPackages\\microsoft.aspnetcore.signalr.client\\3.1.6"
    },
    {
      "Package": {
        "Id": "Microsoft.AspNetCore.SignalR.Client.Core",
        "Version": "3.1.6"
      },
      "Assemblies": [
        "C:\\UiPathPackages\\microsoft.aspnetcore.signalr.client.core\\3.1.6\\lib\\netstandard2.0\\Microsoft.AspNetCore.SignalR.Client.Core.dll"
      ],
      "Path": "C:\\UiPathPackages\\microsoft.aspnetcore.signalr.client.core\\3.1.6"
    },
    {
      "Package": {
        "Id": "Microsoft.AspNetCore.SignalR.Common",
        "Version": "3.1.6"
      },
      "Assemblies": [
        "C:\\UiPathPackages\\microsoft.aspnetcore.signalr.common\\3.1.6\\lib\\netstandard2.0\\Microsoft.AspNetCore.SignalR.Common.dll"
      ],
      "Path": "C:\\UiPathPackages\\microsoft.aspnetcore.signalr.common\\3.1.6"
    },
    {
      "Package": {
        "Id": "Microsoft.AspNetCore.SignalR.Protocols.Json",
        "Version": "3.1.6"
      },
      "Assemblies": [
        "C:\\UiPathPackages\\microsoft.aspnetcore.signalr.protocols.json\\3.1.6\\lib\\netstandard2.0\\Microsoft.AspNetCore.SignalR.Protocols.Json.dll"
      ],
      "Path": "C:\\UiPathPackages\\microsoft.aspnetcore.signalr.protocols.json\\3.1.6"
    },
    {
      "Package": {
        "Id": "Microsoft.Bcl.AsyncInterfaces",
        "Version": "1.1.1"
      },
      "Assemblies": [
        "C:\\UiPathPackages\\microsoft.bcl.asyncinterfaces\\1.1.1\\lib\\net461\\Microsoft.Bcl.AsyncInterfaces.dll"
      ],
      "Path": "C:\\UiPathPackages\\microsoft.bcl.asyncinterfaces\\1.1.1"
    },
    {
      "Package": {
        "Id": "Microsoft.CodeAnalysis.Analyzers",
        "Version": "3.0.0"
      },
      "Assemblies": [],
      "Path": "C:\\UiPathPackages\\microsoft.codeanalysis.analyzers\\3.0.0"
    },
    {
      "Package": {
        "Id": "Microsoft.CodeAnalysis.Common",
        "Version": "3.8.0"
      },
      "Assemblies": [
        "C:\\UiPathPackages\\microsoft.codeanalysis.common\\3.8.0\\lib\\netstandard2.0\\Microsoft.CodeAnalysis.dll"
      ],
      "Path": "C:\\UiPathPackages\\microsoft.codeanalysis.common\\3.8.0"
    },
    {
      "Package": {
        "Id": "Microsoft.CodeAnalysis.CSharp",
        "Version": "3.8.0"
      },
      "Assemblies": [
        "C:\\UiPathPackages\\microsoft.codeanalysis.csharp\\3.8.0\\lib\\netstandard2.0\\Microsoft.CodeAnalysis.CSharp.dll"
      ],
      "Path": "C:\\UiPathPackages\\microsoft.codeanalysis.csharp\\3.8.0"
    },
    {
      "Package": {
        "Id": "Microsoft.CodeAnalysis.VisualBasic",
        "Version": "3.8.0"
      },
      "Assemblies": [
        "C:\\UiPathPackages\\microsoft.codeanalysis.visualbasic\\3.8.0\\lib\\netstandard2.0\\Microsoft.CodeAnalysis.VisualBasic.dll"
      ],
      "Path": "C:\\UiPathPackages\\microsoft.codeanalysis.visualbasic\\3.8.0"
    },
    {
      "Package": {
        "Id": "Microsoft.CSharp",
        "Version": "4.7.0"
      },
      "Assemblies": [
        "C:\\UiPathPackages\\microsoft.csharp\\4.7.0\\lib\\net45\\_._"
      ],
      "Path": "C:\\UiPathPackages\\microsoft.csharp\\4.7.0"
    },
    {
      "Package": {
        "Id": "Microsoft.Extensions.Configuration",
        "Version": "3.1.6"
      },
      "Assemblies": [
        "C:\\UiPathPackages\\microsoft.extensions.configuration\\3.1.6\\lib\\netstandard2.0\\Microsoft.Extensions.Configuration.dll"
      ],
      "Path": "C:\\UiPathPackages\\microsoft.extensions.configuration\\3.1.6"
    },
    {
      "Package": {
        "Id": "Microsoft.Extensions.Configuration.Abstractions",
        "Version": "3.1.6"
      },
      "Assemblies": [
        "C:\\UiPathPackages\\microsoft.extensions.configuration.abstractions\\3.1.6\\lib\\netstandard2.0\\Microsoft.Extensions.Configuration.Abstractions.dll"
      ],
      "Path": "C:\\UiPathPackages\\microsoft.extensions.configuration.abstractions\\3.1.6"
    },
    {
      "Package": {
        "Id": "Microsoft.Extensions.Configuration.Binder",
        "Version": "3.1.6"
      },
      "Assemblies": [
        "C:\\UiPathPackages\\microsoft.extensions.configuration.binder\\3.1.6\\lib\\netstandard2.0\\Microsoft.Extensions.Configuration.Binder.dll"
      ],
      "Path": "C:\\UiPathPackages\\microsoft.extensions.configuration.binder\\3.1.6"
    },
    {
      "Package": {
        "Id": "Microsoft.Extensions.DependencyInjection",
        "Version": "3.1.6"
      },
      "Assemblies": [
        "C:\\UiPathPackages\\microsoft.extensions.dependencyinjection\\3.1.6\\lib\\net461\\Microsoft.Extensions.DependencyInjection.dll"
      ],
      "Path": "C:\\UiPathPackages\\microsoft.extensions.dependencyinjection\\3.1.6"
    },
    {
      "Package": {
        "Id": "Microsoft.Extensions.DependencyInjection.Abstractions",
        "Version": "3.1.6"
      },
      "Assemblies": [
        "C:\\UiPathPackages\\microsoft.extensions.dependencyinjection.abstractions\\3.1.6\\lib\\netstandard2.0\\Microsoft.Extensions.DependencyInjection.Abstractions.dll"
      ],
      "Path": "C:\\UiPathPackages\\microsoft.extensions.dependencyinjection.abstractions\\3.1.6"
    },
    {
      "Package": {
        "Id": "Microsoft.Extensions.Logging",
        "Version": "3.1.6"
      },
      "Assemblies": [
        "C:\\UiPathPackages\\microsoft.extensions.logging\\3.1.6\\lib\\netstandard2.0\\Microsoft.Extensions.Logging.dll"
      ],
      "Path": "C:\\UiPathPackages\\microsoft.extensions.logging\\3.1.6"
    },
    {
      "Package": {
        "Id": "Microsoft.Extensions.Logging.Abstractions",
        "Version": "3.1.6"
      },
      "Assemblies": [
        "C:\\UiPathPackages\\microsoft.extensions.logging.abstractions\\3.1.6\\lib\\netstandard2.0\\Microsoft.Extensions.Logging.Abstractions.dll"
      ],
      "Path": "C:\\UiPathPackages\\microsoft.extensions.logging.abstractions\\3.1.6"
    },
    {
      "Package": {
        "Id": "Microsoft.Extensions.Options",
        "Version": "3.1.6"
      },
      "Assemblies": [
        "C:\\UiPathPackages\\microsoft.extensions.options\\3.1.6\\lib\\netstandard2.0\\Microsoft.Extensions.Options.dll"
      ],
      "Path": "C:\\UiPathPackages\\microsoft.extensions.options\\3.1.6"
    },
    {
      "Package": {
        "Id": "Microsoft.Extensions.Primitives",
        "Version": "3.1.6"
      },
      "Assemblies": [
        "C:\\UiPathPackages\\microsoft.extensions.primitives\\3.1.6\\lib\\netstandard2.0\\Microsoft.Extensions.Primitives.dll"
      ],
      "Path": "C:\\UiPathPackages\\microsoft.extensions.primitives\\3.1.6"
    },
    {
      "Package": {
        "Id": "Microsoft.Rest.ClientRuntime",
        "Version": "2.3.21"
      },
      "Assemblies": [
        "C:\\UiPathPackages\\microsoft.rest.clientruntime\\2.3.21\\lib\\net461\\Microsoft.Rest.ClientRuntime.dll"
      ],
      "Path": "C:\\UiPathPackages\\microsoft.rest.clientruntime\\2.3.21"
    },
    {
      "Package": {
        "Id": "Microsoft.VisualBasic",
        "Version": "10.3.0"
      },
      "Assemblies": [
        "C:\\UiPathPackages\\microsoft.visualbasic\\10.3.0\\lib\\net45\\_._"
      ],
      "Path": "C:\\UiPathPackages\\microsoft.visualbasic\\10.3.0"
    },
    {
      "Package": {
        "Id": "Newtonsoft.Json",
        "Version": "11.0.2"
      },
      "Assemblies": [
        "C:\\UiPathPackages\\newtonsoft.json\\11.0.2\\lib\\net45\\Newtonsoft.Json.dll"
      ],
      "Path": "C:\\UiPathPackages\\newtonsoft.json\\11.0.2"
    },
    {
      "Package": {
        "Id": "SharpZipLib",
        "Version": "1.2.0"
      },
      "Assemblies": [
        "C:\\UiPathPackages\\sharpziplib\\1.2.0\\lib\\net45\\ICSharpCode.SharpZipLib.dll"
      ],
      "Path": "C:\\UiPathPackages\\sharpziplib\\1.2.0"
    },
    {
      "Package": {
        "Id": "System.Buffers",
        "Version": "4.5.1"
      },
      "Assemblies": [
        "C:\\UiPathPackages\\system.buffers\\4.5.1\\lib\\net461\\System.Buffers.dll"
      ],
      "Path": "C:\\UiPathPackages\\system.buffers\\4.5.1"
    },
    {
      "Package": {
        "Id": "System.Collections.Immutable",
        "Version": "5.0.0"
      },
      "Assemblies": [
        "C:\\UiPathPackages\\system.collections.immutable\\5.0.0\\lib\\net461\\System.Collections.Immutable.dll"
      ],
      "Path": "C:\\UiPathPackages\\system.collections.immutable\\5.0.0"
    },
    {
      "Package": {
        "Id": "System.ComponentModel.Annotations",
        "Version": "4.7.0"
      },
      "Assemblies": [
        "C:\\UiPathPackages\\system.componentmodel.annotations\\4.7.0\\lib\\net461\\System.ComponentModel.Annotations.dll"
      ],
      "Path": "C:\\UiPathPackages\\system.componentmodel.annotations\\4.7.0"
    },
    {
      "Package": {
        "Id": "System.IO.Abstractions",
        "Version": "3.0.10"
      },
      "Assemblies": [
        "C:\\UiPathPackages\\system.io.abstractions\\3.0.10\\lib\\net40\\System.IO.Abstractions.dll"
      ],
      "Path": "C:\\UiPathPackages\\system.io.abstractions\\3.0.10"
    },
    {
      "Package": {
        "Id": "System.IO.Pipelines",
        "Version": "4.7.1"
      },
      "Assemblies": [
        "C:\\UiPathPackages\\system.io.pipelines\\4.7.1\\lib\\netstandard2.0\\System.IO.Pipelines.dll"
      ],
      "Path": "C:\\UiPathPackages\\system.io.pipelines\\4.7.1"
    },
    {
      "Package": {
        "Id": "System.Management.Automation",
        "Version": "6.1.7601.17515"
      },
      "Assemblies": [
        "C:\\UiPathPackages\\system.management.automation\\6.1.7601.17515\\lib\\net45\\System.Management.Automation.dll"
      ],
      "Path": "C:\\UiPathPackages\\system.management.automation\\6.1.7601.17515"
    },
    {
      "Package": {
        "Id": "System.Memory",
        "Version": "4.5.4"
      },
      "Assemblies": [
        "C:\\UiPathPackages\\system.memory\\4.5.4\\lib\\net461\\System.Memory.dll"
      ],
      "Path": "C:\\UiPathPackages\\system.memory\\4.5.4"
    },
    {
      "Package": {
        "Id": "System.Numerics.Vectors",
        "Version": "4.5.0"
      },
      "Assemblies": [
        "C:\\UiPathPackages\\system.numerics.vectors\\4.5.0\\lib\\net46\\System.Numerics.Vectors.dll"
      ],
      "Path": "C:\\UiPathPackages\\system.numerics.vectors\\4.5.0"
    },
    {
      "Package": {
        "Id": "System.Reflection.Metadata",
        "Version": "5.0.0"
      },
      "Assemblies": [
        "C:\\UiPathPackages\\system.reflection.metadata\\5.0.0\\lib\\net461\\System.Reflection.Metadata.dll"
      ],
      "Path": "C:\\UiPathPackages\\system.reflection.metadata\\5.0.0"
    },
    {
      "Package": {
        "Id": "System.Runtime.CompilerServices.Unsafe",
        "Version": "4.7.1"
      },
      "Assemblies": [
        "C:\\UiPathPackages\\system.runtime.compilerservices.unsafe\\4.7.1\\lib\\net461\\System.Runtime.CompilerServices.Unsafe.dll"
      ],
      "Path": "C:\\UiPathPackages\\system.runtime.compilerservices.unsafe\\4.7.1"
    },
    {
      "Package": {
        "Id": "System.Text.Encoding.CodePages",
        "Version": "4.5.1"
      },
      "Assemblies": [
        "C:\\UiPathPackages\\system.text.encoding.codepages\\4.5.1\\lib\\net461\\System.Text.Encoding.CodePages.dll"
      ],
      "Path": "C:\\UiPathPackages\\system.text.encoding.codepages\\4.5.1"
    },
    {
      "Package": {
        "Id": "System.Text.Encodings.Web",
        "Version": "4.7.1"
      },
      "Assemblies": [
        "C:\\UiPathPackages\\system.text.encodings.web\\4.7.1\\lib\\net461\\System.Text.Encodings.Web.dll"
      ],
      "Path": "C:\\UiPathPackages\\system.text.encodings.web\\4.7.1"
    },
    {
      "Package": {
        "Id": "System.Text.Json",
        "Version": "4.7.2"
      },
      "Assemblies": [
        "C:\\UiPathPackages\\system.text.json\\4.7.2\\lib\\net461\\System.Text.Json.dll"
      ],
      "Path": "C:\\UiPathPackages\\system.text.json\\4.7.2"
    },
    {
      "Package": {
        "Id": "System.Threading.Channels",
        "Version": "4.7.1"
      },
      "Assemblies": [
        "C:\\UiPathPackages\\system.threading.channels\\4.7.1\\lib\\net461\\System.Threading.Channels.dll"
      ],
      "Path": "C:\\UiPathPackages\\system.threading.channels\\4.7.1"
    },
    {
      "Package": {
        "Id": "System.Threading.Tasks.Dataflow",
        "Version": "5.0.0"
      },
      "Assemblies": [
        "C:\\UiPathPackages\\system.threading.tasks.dataflow\\5.0.0\\lib\\net461\\System.Threading.Tasks.Dataflow.dll"
      ],
      "Path": "C:\\UiPathPackages\\system.threading.tasks.dataflow\\5.0.0"
    },
    {
      "Package": {
        "Id": "System.Threading.Tasks.Extensions",
        "Version": "4.5.4"
      },
      "Assemblies": [
        "C:\\UiPathPackages\\system.threading.tasks.extensions\\4.5.4\\lib\\net461\\System.Threading.Tasks.Extensions.dll"
      ],
      "Path": "C:\\UiPathPackages\\system.threading.tasks.extensions\\4.5.4"
    },
    {
      "Package": {
        "Id": "System.ValueTuple",
        "Version": "4.5.0"
      },
      "Assemblies": [
        "C:\\UiPathPackages\\system.valuetuple\\4.5.0\\lib\\net461\\System.ValueTuple.dll"
      ],
      "Path": "C:\\UiPathPackages\\system.valuetuple\\4.5.0"
    },
    {
      "Package": {
        "Id": "UiPath",
        "Version": "21.10.34.30369"
      },
      "Assemblies": [
        "C:\\UiPathPackages\\uipath\\21.10.34.30369\\lib\\net45\\UiPath.Interop.dll"
      ],
      "Path": "C:\\UiPathPackages\\uipath\\21.10.34.30369"
    },
    {
      "Package": {
        "Id": "UiPath.Activities.RuntimeGovernance",
        "Version": "1.1.3"
      },
      "Assemblies": [
        "C:\\UiPathPackages\\uipath.activities.runtimegovernance\\1.1.3\\lib\\net461\\UiPath.Activities.RuntimeGovernance.dll"
      ],
      "Path": "C:\\UiPathPackages\\uipath.activities.runtimegovernance\\1.1.3"
    },
    {
      "Package": {
        "Id": "UiPath.ImageProcessing",
        "Version": "21.10.2"
      },
      "Assemblies": [
        "C:\\UiPathPackages\\uipath.imageprocessing\\21.10.2\\lib\\net461\\UiPath.ImageProcessingInterop.dll"
      ],
      "Path": "C:\\UiPathPackages\\uipath.imageprocessing\\21.10.2"
    },
    {
      "Package": {
        "Id": "UiPath.OCR.Activities",
        "Version": "3.3.2"
      },
      "Assemblies": [
        "C:\\UiPathPackages\\uipath.ocr.activities\\3.3.2\\lib\\net461\\UiPath.OCR.Activities.Design.dll",
        "C:\\UiPathPackages\\uipath.ocr.activities\\3.3.2\\lib\\net461\\UiPath.OCR.Activities.dll",
        "C:\\UiPathPackages\\uipath.ocr.activities\\3.3.2\\lib\\net461\\UiPath.OCR.Core.dll"
      ],
      "Path": "C:\\UiPathPackages\\uipath.ocr.activities\\3.3.2"
    },
    {
      "Package": {
        "Id": "UiPath.OCR.Contracts",
        "Version": "2.9.1"
      },
      "Assemblies": [
        "C:\\UiPathPackages\\uipath.ocr.contracts\\2.9.1\\lib\\net461\\UiPath.OCR.Contracts.dll"
      ],
      "Path": "C:\\UiPathPackages\\uipath.ocr.contracts\\2.9.1"
    },
    {
      "Package": {
        "Id": "UiPath.Platform",
        "Version": "21.10.0"
      },
      "Assemblies": [
        "C:\\UiPathPackages\\uipath.platform\\21.10.0\\lib\\net461\\UiPath.Platform.dll"
      ],
      "Path": "C:\\UiPathPackages\\uipath.platform\\21.10.0"
    },
    {
      "Package": {
        "Id": "UiPath.System.Activities",
        "Version": "21.10.4"
      },
      "Assemblies": [
        "C:\\UiPathPackages\\uipath.system.activities\\21.10.4\\lib\\net461\\UiPath.OrchestratorClient.dll",
        "C:\\UiPathPackages\\uipath.system.activities\\21.10.4\\lib\\net461\\UiPath.System.Activities.Design.dll",
        "C:\\UiPathPackages\\uipath.system.activities\\21.10.4\\lib\\net461\\UiPath.System.Activities.dll"
      ],
      "Path": "C:\\UiPathPackages\\uipath.system.activities\\21.10.4"
    },
    {
      "Package": {
        "Id": "UiPath.Telemetry.Client",
        "Version": "1.5.3"
      },
      "Assemblies": [
        "C:\\UiPathPackages\\uipath.telemetry.client\\1.5.3\\lib\\net461\\TelemetryClient.dll"
      ],
      "Path": "C:\\UiPathPackages\\uipath.telemetry.client\\1.5.3"
    },
    {
      "Package": {
        "Id": "UiPath.UIAutomation.Activities",
        "Version": "21.10.5"
      },
      "Assemblies": [
        "C:\\UiPathPackages\\uipath.uiautomation.activities\\21.10.5\\lib\\net461\\UiPath.CV.Activities.Design.dll",
        "C:\\UiPathPackages\\uipath.uiautomation.activities\\21.10.5\\lib\\net461\\UiPath.CV.Activities.dll",
        "C:\\UiPathPackages\\uipath.uiautomation.activities\\21.10.5\\lib\\net461\\UiPath.CV.dll",
        "C:\\UiPathPackages\\uipath.uiautomation.activities\\21.10.5\\lib\\net461\\UiPath.UIAutomation.Activities.Design.dll",
        "C:\\UiPathPackages\\uipath.uiautomation.activities\\21.10.5\\lib\\net461\\UiPath.UIAutomationCore.dll",
        "C:\\UiPathPackages\\uipath.uiautomation.activities\\21.10.5\\lib\\net461\\UiPath.UIAutomationNext.Activities.Design.dll",
        "C:\\UiPathPackages\\uipath.uiautomation.activities\\21.10.5\\lib\\net461\\UiPath.UIAutomationNext.Activities.dll",
        "C:\\UiPathPackages\\uipath.uiautomation.activities\\21.10.5\\lib\\net461\\UiPath.UIAutomationNext.dll",
        "C:\\UiPathPackages\\uipath.uiautomation.activities\\21.10.5\\lib\\net461\\UiPath.UiAutomation.Activities.dll",
        "C:\\UiPathPackages\\uipath.uiautomation.activities\\21.10.5\\lib\\net461\\UiPath.Wizards.dll"
      ],
      "Path": "C:\\UiPathPackages\\uipath.uiautomation.activities\\21.10.5"
    },
    {
      "Package": {
        "Id": "UiPath.Vision",
        "Version": "3.1.4"
      },
      "Assemblies": [
        "C:\\UiPathPackages\\uipath.vision\\3.1.4\\lib\\net461\\UiPath.Vision.AzureComputerVision.dll",
        "C:\\UiPathPackages\\uipath.vision\\3.1.4\\lib\\net461\\UiPath.Vision.Core.dll",
        "C:\\UiPathPackages\\uipath.vision\\3.1.4\\lib\\net461\\UiPath.Vision.GoogleCloud.dll",
        "C:\\UiPathPackages\\uipath.vision\\3.1.4\\lib\\net461\\UiPath.Vision.Microsoft.dll",
        "C:\\UiPathPackages\\uipath.vision\\3.1.4\\lib\\net461\\UiPath.Vision.Tesseract.dll",
        "C:\\UiPathPackages\\uipath.vision\\3.1.4\\lib\\net461\\UiPath.Vision.dll"
      ],
      "Path": "C:\\UiPathPackages\\uipath.vision\\3.1.4"
    }
  ]
}